<step title="BackgroundTrace" date="2025-05-18T13:35:24.906" instance="79e06d" url="/api/zipdeploy" method="POST" >
  <step title="Updating shutdown sentinel last write time" date="2025-05-18T13:35:24.922" SemaphoreCount="7" /><!-- duration: 0ms -->
  <step title="LockFile &apos;C:\home\site\locks\deployments.lock&apos; acquired" date="2025-05-18T13:35:24.922" /><!-- duration: 0ms -->
  <step title="Creating temporary deployment" date="2025-05-18T13:35:24.938" /><!-- duration: 16ms -->
  <step title="Performing fetch based deployment" date="2025-05-18T13:35:24.953" >
    <step title="Fetching changes." date="2025-05-18T13:35:25.000" /><!-- duration: 16ms -->
    <step title="Starting LocalZipHandler" date="2025-05-18T13:35:25.016" /><!-- duration: 0ms -->
    <step title="Cleaning up temp folders from previous zip deployments and extracting pushed zip file C:\local\Temp\zipdeploy\qf1gvjzu.zip (0.13 MB) to C:\local\Temp\zipdeploy\extracted" date="2025-05-18T13:35:25.047" /><!-- duration: 0ms -->
    <step title="Cleaning up temp folders from previous zip deployments and extracting pushed zip file C:\local\Temp\zipdeploy\qf1gvjzu.zip (0.13 MB) to C:\local\Temp\zipdeploy\extracted" date="2025-05-18T13:35:25.047" >
      <step title="Extracting 110 entries to C:\local\Temp\zipdeploy\extracted directory" date="2025-05-18T13:35:25.047" >
        <step title="Extracting to C:\local\Temp\zipdeploy\extracted\.env.template ..." date="2025-05-18T13:35:25.063" /><!-- duration: 0ms -->
        <step title="Extracting to C:\local\Temp\zipdeploy\extracted\.git\COMMIT_EDITMSG ..." date="2025-05-18T13:35:25.063" /><!-- duration: 0ms -->
        <step title="Extracting to C:\local\Temp\zipdeploy\extracted\.git\HEAD ..." date="2025-05-18T13:35:25.063" /><!-- duration: 0ms -->
        <step title="Extracting to C:\local\Temp\zipdeploy\extracted\.git\config ..." date="2025-05-18T13:35:25.063" /><!-- duration: 16ms -->
        <step title="Extracting to C:\local\Temp\zipdeploy\extracted\.git\description ..." date="2025-05-18T13:35:25.078" /><!-- duration: 0ms -->
        <step title="Omitting extracting file traces ..." date="2025-05-18T13:35:25.078" /><!-- duration: 0ms -->
        <step title="Extracting to C:\local\Temp\zipdeploy\extracted\prometheus.yml ..." date="2025-05-18T13:35:25.188" /><!-- duration: 0ms -->
        <step title="Extracting to C:\local\Temp\zipdeploy\extracted\requirements.txt ..." date="2025-05-18T13:35:25.188" /><!-- duration: 0ms -->
        <step title="Extracting to C:\local\Temp\zipdeploy\extracted\setup.bat ..." date="2025-05-18T13:35:25.188" /><!-- duration: 16ms -->
        <step title="Extracting to C:\local\Temp\zipdeploy\extracted\setup.sh ..." date="2025-05-18T13:35:25.203" /><!-- duration: 0ms -->
        <step title="Extracting to C:\local\Temp\zipdeploy\extracted\test_notification_service.py ..." date="2025-05-18T13:35:25.203" /><!-- duration: 16ms -->
      </step><!-- duration: 172ms -->
    </step><!-- duration: 172ms -->
    <step title="Before sending BuildRequestReceived status to /api/updatedeploystatus" date="2025-05-18T13:35:25.219" /><!-- duration: 0ms -->
    <step title="DeploymentManager.Deploy(id:5a7a18256d1342b18b8a110151d8dd15)" date="2025-05-18T13:35:25.235" >
      <step title="Collecting changeset information" date="2025-05-18T13:35:25.235" /><!-- duration: 31ms -->
      <step title="Updating submodules" date="2025-05-18T13:35:25.266" >
        <step title="Updating submodules." date="2025-05-18T13:35:25.297" /><!-- duration: 0ms -->
      </step><!-- duration: 31ms -->
      <step title="Preparing deployment for commit id &apos;5a7a18256d&apos;." date="2025-05-18T13:35:25.313" /><!-- duration: 16ms -->
      <step title="Determining deployment builder" date="2025-05-18T13:35:25.344" >
        <step title="Builder is BasicBuilder" date="2025-05-18T13:35:25.344" /><!-- duration: 0ms -->
      </step><!-- duration: 0ms -->
      <step title="Copying SSH keys" date="2025-05-18T13:35:25.360" /><!-- duration: 16ms -->
      <step title="Building" date="2025-05-18T13:35:25.375" >
        <step title="Generating deployment script." date="2025-05-18T13:35:25.422" /><!-- duration: 0ms -->
        <step title="Generating deployment script" date="2025-05-18T13:35:25.422" >
          <step title="Using the following command to generate deployment script: &apos;azure site deploymentscript -y --no-dot-deployment -r &quot;C:\local\Temp\zipdeploy\extracted&quot; -o &quot;C:\home\site\deployments\tools&quot; --basic --sitePath &quot;C:\local\Temp\zipdeploy\extracted&quot;&apos;." date="2025-05-18T13:35:25.485" /><!-- duration: 0ms -->
          <step title="Executing external process" date="2025-05-18T13:35:25.500" type="process" path="starter.cmd" arguments="&quot;C:\Program Files (x86)\SiteExtensions\Kudu\103.110221.001\bin\node_modules\.bin\kuduscript.cmd&quot; -y --no-dot-deployment -r &quot;C:\local\Temp\zipdeploy\extracted&quot; -o &quot;C:\home\site\deployments\tools&quot; --basic --sitePath &quot;C:\local\Temp\zipdeploy\extracted&quot;" >
            <step title="Generating deployment script for Web Site" date="2025-05-18T13:35:25.875" /><!-- duration: 0ms -->
            <step title="Generated deployment script files" date="2025-05-18T13:35:25.891" /><!-- duration: 0ms -->
          </step><!-- duration: 391ms -->
          <step title="Saved cached version of the deployment script for command -y --no-dot-deployment -r &quot;C:\local\Temp\zipdeploy\extracted&quot; -o &quot;C:\home\site\deployments\tools&quot; --basic --sitePath &quot;C:\local\Temp\zipdeploy\extracted&quot;" date="2025-05-18T13:35:25.906" /><!-- duration: 0ms -->
        </step><!-- duration: 484ms -->
        <step title="Running deployment command..." date="2025-05-18T13:35:25.938" /><!-- duration: 0ms -->
        <step title="Command: &quot;C:\home\site\deployments\tools\deploy.cmd&quot;" date="2025-05-18T13:35:25.938" /><!-- duration: 0ms -->
        <step title="Executing external process" date="2025-05-18T13:35:25.953" type="process" path="starter.cmd" arguments="&quot;C:\home\site\deployments\tools\deploy.cmd&quot;" >
          <step title="Handling Basic Web Site deployment." date="2025-05-18T13:35:26.078" /><!-- duration: 0ms -->
          <step title="Creating app_offline.htm" date="2025-05-18T13:35:26.313" /><!-- duration: 0ms -->
          <step title="KuduSync.NET from: &apos;C:\local\Temp\zipdeploy\extracted&apos; to: &apos;C:\home\site\wwwroot&apos;" date="2025-05-18T13:35:26.313" /><!-- duration: 0ms -->
          <step title="Deleting file: &apos;hostingstart.html&apos;" date="2025-05-18T13:35:26.313" /><!-- duration: 16ms -->
          <step title="Copying file: &apos;.env.template&apos;" date="2025-05-18T13:35:26.328" /><!-- duration: 0ms -->
          <step title="Copying file: &apos;.gitignore&apos;" date="2025-05-18T13:35:26.328" /><!-- duration: 0ms -->
          <step title="Copying file: &apos;app.py&apos;" date="2025-05-18T13:35:26.344" /><!-- duration: 0ms -->
          <step title="Copying file: &apos;azure.yaml&apos;" date="2025-05-18T13:35:26.344" /><!-- duration: 0ms -->
          <step title="Copying file: &apos;config.py&apos;" date="2025-05-18T13:35:26.344" /><!-- duration: 16ms -->
          <step title="Copying file: &apos;consumer.py&apos;" date="2025-05-18T13:35:26.360" /><!-- duration: 0ms -->
          <step title="Copying file: &apos;database.py&apos;" date="2025-05-18T13:35:26.360" /><!-- duration: 0ms -->
          <step title="Copying file: &apos;docker-compose.yml&apos;" date="2025-05-18T13:35:26.375" /><!-- duration: 0ms -->
          <step title="Copying file: &apos;Dockerfile&apos;" date="2025-05-18T13:35:26.375" /><!-- duration: 0ms -->
          <step title="Copying file: &apos;gunicorn.conf.py&apos;" date="2025-05-18T13:35:26.391" /><!-- duration: 0ms -->
          <step title="Copying file: &apos;mongo-init.js&apos;" date="2025-05-18T13:35:26.391" /><!-- duration: 0ms -->
          <step title="Copying file: &apos;notification_services.py&apos;" date="2025-05-18T13:35:26.407" /><!-- duration: 0ms -->
          <step title="Copying file: &apos;prometheus.yml&apos;" date="2025-05-18T13:35:26.407" /><!-- duration: 0ms -->
          <step title="Copying file: &apos;README.md&apos;" date="2025-05-18T13:35:26.422" /><!-- duration: 0ms -->
          <step title="Copying file: &apos;requirements.txt&apos;" date="2025-05-18T13:35:26.422" /><!-- duration: 0ms -->
          <step title="Copying file: &apos;setup.bat&apos;" date="2025-05-18T13:35:26.422" /><!-- duration: 16ms -->
          <step title="Copying file: &apos;setup.sh&apos;" date="2025-05-18T13:35:26.438" /><!-- duration: 0ms -->
          <step title="Copying file: &apos;TESTING_GUIDE.md&apos;" date="2025-05-18T13:35:26.438" /><!-- duration: 0ms -->
          <step title="Copying file: &apos;test_notification_service.py&apos;" date="2025-05-18T13:35:26.454" /><!-- duration: 0ms -->
          <step title="Copying file: &apos;.github\workflows\ci-cd.yml&apos;" date="2025-05-18T13:35:26.454" /><!-- duration: 0ms -->
          <step title="Copying file: &apos;.vscode\tasks.json&apos;" date="2025-05-18T13:35:26.469" /><!-- duration: 0ms -->
          <step title="Copying file: &apos;infra\main.bicep&apos;" date="2025-05-18T13:35:26.469" /><!-- duration: 0ms -->
          <step title="Copying file: &apos;infra\main.parameters.json&apos;" date="2025-05-18T13:35:26.485" /><!-- duration: 0ms -->
          <step title="Deleting app_offline.htm" date="2025-05-18T13:35:26.485" /><!-- duration: 0ms -->
          <step title="Finished successfully." date="2025-05-18T13:35:26.485" /><!-- duration: 16ms -->
        </step><!-- duration: 547ms -->
        <step title="Running post deployment command(s)..." date="2025-05-18T13:35:26.516" /><!-- duration: 16ms -->
        <step title="Triggering recycle (preview mode disabled)." date="2025-05-18T13:35:26.563" /><!-- duration: 0ms -->
        <step title="Ignoring FS watcher based recycle request as this is a classic Windows app." date="2025-05-18T13:35:26.563" /><!-- duration: 0ms -->
        <step title="Deployment successful. DEPLOYMENTINFO: deploymentPath = ZipDeploy. Extract zip. , deployer = ZipDeploy, os = windows, sku = Free, siteName = app-ati5nu6rj6mba, siteHostName = app-ati5nu6rj6mba.azurewebsites.net, deploymentStatus = Success" date="2025-05-18T13:35:26.594" /><!-- duration: 0ms -->
      </step><!-- duration: 1361ms -->
    </step><!-- duration: 1502ms -->
    <step title="Cleaning up temp files" date="2025-05-18T13:35:26.737" /><!-- duration: 31ms -->
    <step title="Skip function trigger and logicapp sync because function is not enabled." date="2025-05-18T13:35:26.783" /><!-- duration: 0ms -->
  </step><!-- duration: 1861ms -->
  <step title="LockFile &apos;C:\home\site\locks\deployments.lock&apos; released" date="2025-05-18T13:35:26.830" /><!-- duration: 0ms -->
  <step title="Deleting shutdown sentinel file" date="2025-05-18T13:35:26.830" SemaphoreCount="8" /><!-- duration: 0ms -->
</step><!-- duration: 1924ms -->
