<step title="BackgroundTrace" date="2025-05-18T13:40:26.778" instance="79e06d" url="/api/zipdeploy" method="POST" >
  <step title="Updating shutdown sentinel last write time" date="2025-05-18T13:40:26.794" SemaphoreCount="7" /><!-- duration: 0ms -->
  <step title="LockFile &apos;C:\home\site\locks\deployments.lock&apos; acquired" date="2025-05-18T13:40:26.794" /><!-- duration: 0ms -->
  <step title="Creating temporary deployment" date="2025-05-18T13:40:26.794" /><!-- duration: 31ms -->
  <step title="Performing fetch based deployment" date="2025-05-18T13:40:26.840" >
    <step title="Fetching changes." date="2025-05-18T13:40:26.872" /><!-- duration: 16ms -->
    <step title="Starting LocalZipHandler" date="2025-05-18T13:40:26.887" /><!-- duration: 0ms -->
    <step title="Cleaning up temp folders from previous zip deployments and extracting pushed zip file C:\local\Temp\zipdeploy\okkqv4ca.zip (0.13 MB) to C:\local\Temp\zipdeploy\extracted" date="2025-05-18T13:40:26.903" /><!-- duration: 16ms -->
    <step title="Cleaning up temp folders from previous zip deployments and extracting pushed zip file C:\local\Temp\zipdeploy\okkqv4ca.zip (0.13 MB) to C:\local\Temp\zipdeploy\extracted" date="2025-05-18T13:40:26.919" >
      <step title="Renaming extractTargetDirectory(C:\local\Temp\zipdeploy\extracted) to tempDirectory(C:\local\Temp\zipdeploy\y4ixzqx1.pov)" date="2025-05-18T13:40:26.919" /><!-- duration: 0ms -->
      <step title="Extracting 111 entries to C:\local\Temp\zipdeploy\extracted directory" date="2025-05-18T13:40:26.934" >
        <step title="Extracting to C:\local\Temp\zipdeploy\extracted\.env.template ..." date="2025-05-18T13:40:26.934" /><!-- duration: 0ms -->
        <step title="Extracting to C:\local\Temp\zipdeploy\extracted\.git\COMMIT_EDITMSG ..." date="2025-05-18T13:40:26.934" /><!-- duration: 0ms -->
        <step title="Extracting to C:\local\Temp\zipdeploy\extracted\.git\HEAD ..." date="2025-05-18T13:40:26.934" /><!-- duration: 16ms -->
        <step title="Extracting to C:\local\Temp\zipdeploy\extracted\.git\config ..." date="2025-05-18T13:40:26.950" /><!-- duration: 0ms -->
        <step title="Extracting to C:\local\Temp\zipdeploy\extracted\.git\description ..." date="2025-05-18T13:40:26.950" /><!-- duration: 0ms -->
        <step title="Omitting extracting file traces ..." date="2025-05-18T13:40:26.950" /><!-- duration: 16ms -->
        <step title="Extracting to C:\local\Temp\zipdeploy\extracted\prometheus.yml ..." date="2025-05-18T13:40:27.044" /><!-- duration: 16ms -->
        <step title="Extracting to C:\local\Temp\zipdeploy\extracted\requirements.txt ..." date="2025-05-18T13:40:27.059" /><!-- duration: 0ms -->
        <step title="Extracting to C:\local\Temp\zipdeploy\extracted\setup.bat ..." date="2025-05-18T13:40:27.059" /><!-- duration: 0ms -->
        <step title="Extracting to C:\local\Temp\zipdeploy\extracted\setup.sh ..." date="2025-05-18T13:40:27.059" /><!-- duration: 16ms -->
        <step title="Extracting to C:\local\Temp\zipdeploy\extracted\test_notification_service.py ..." date="2025-05-18T13:40:27.075" /><!-- duration: 0ms -->
      </step><!-- duration: 141ms -->
    </step><!-- duration: 156ms -->
    <step title="Before sending BuildRequestReceived status to /api/updatedeploystatus" date="2025-05-18T13:40:27.090" /><!-- duration: 0ms -->
    <step title="DeploymentManager.Deploy(id:4a50d132ecdd4e25add57ed15564ca64)" date="2025-05-18T13:40:27.090" >
      <step title="Collecting changeset information" date="2025-05-18T13:40:27.122" /><!-- duration: 16ms -->
      <step title="Updating submodules" date="2025-05-18T13:40:27.137" >
        <step title="Updating submodules." date="2025-05-18T13:40:27.153" /><!-- duration: 0ms -->
      </step><!-- duration: 16ms -->
      <step title="Preparing deployment for commit id &apos;4a50d132ec&apos;." date="2025-05-18T13:40:27.184" /><!-- duration: 0ms -->
      <step title="Determining deployment builder" date="2025-05-18T13:40:27.200" >
        <step title="Builder is BasicBuilder" date="2025-05-18T13:40:27.215" /><!-- duration: 0ms -->
      </step><!-- duration: 16ms -->
      <step title="Copying SSH keys" date="2025-05-18T13:40:27.231" /><!-- duration: 0ms -->
      <step title="Building" date="2025-05-18T13:40:27.231" >
        <step title="Generating deployment script." date="2025-05-18T13:40:27.247" /><!-- duration: 16ms -->
        <step title="Generating deployment script" date="2025-05-18T13:40:27.262" >
          <step title="Using cached version of the deployment script for command: -y --no-dot-deployment -r &quot;C:\local\Temp\zipdeploy\extracted&quot; -o &quot;C:\home\site\deployments\tools&quot; --basic --sitePath &quot;C:\local\Temp\zipdeploy\extracted&quot;" date="2025-05-18T13:40:27.278" /><!-- duration: 0ms -->
          <step title="Using cached version of deployment script (command: &apos;azure -y --no-dot-deployment -r &quot;C:\local\Temp\zipdeploy\extracted&quot; -o &quot;C:\home\site\deployments\tools&quot; --basic --sitePath &quot;C:\local\Temp\zipdeploy\extracted&quot;&apos;)." date="2025-05-18T13:40:27.278" /><!-- duration: 16ms -->
        </step><!-- duration: 31ms -->
        <step title="Running deployment command..." date="2025-05-18T13:40:27.309" /><!-- duration: 0ms -->
        <step title="Command: &quot;C:\home\site\deployments\tools\deploy.cmd&quot;" date="2025-05-18T13:40:27.325" /><!-- duration: 0ms -->
        <step title="Executing external process" date="2025-05-18T13:40:27.325" type="process" path="starter.cmd" arguments="&quot;C:\home\site\deployments\tools\deploy.cmd&quot;" >
          <step title="Handling Basic Web Site deployment." date="2025-05-18T13:40:27.465" /><!-- duration: 0ms -->
          <step title="Creating app_offline.htm" date="2025-05-18T13:40:27.669" /><!-- duration: 0ms -->
          <step title="KuduSync.NET from: &apos;C:\local\Temp\zipdeploy\extracted&apos; to: &apos;C:\home\site\wwwroot&apos;" date="2025-05-18T13:40:27.669" /><!-- duration: 0ms -->
          <step title="Copying file: &apos;.env.template&apos;" date="2025-05-18T13:40:27.669" /><!-- duration: 16ms -->
          <step title="Copying file: &apos;.gitignore&apos;" date="2025-05-18T13:40:27.684" /><!-- duration: 0ms -->
          <step title="Copying file: &apos;1.txt&apos;" date="2025-05-18T13:40:27.684" /><!-- duration: 0ms -->
          <step title="Copying file: &apos;app.py&apos;" date="2025-05-18T13:40:27.700" /><!-- duration: 0ms -->
          <step title="Copying file: &apos;azure.yaml&apos;" date="2025-05-18T13:40:27.700" /><!-- duration: 0ms -->
          <step title="Copying file: &apos;config.py&apos;" date="2025-05-18T13:40:27.700" /><!-- duration: 0ms -->
          <step title="Copying file: &apos;consumer.py&apos;" date="2025-05-18T13:40:27.715" /><!-- duration: 0ms -->
          <step title="Copying file: &apos;database.py&apos;" date="2025-05-18T13:40:27.715" /><!-- duration: 0ms -->
          <step title="Copying file: &apos;docker-compose.yml&apos;" date="2025-05-18T13:40:27.715" /><!-- duration: 0ms -->
          <step title="Copying file: &apos;Dockerfile&apos;" date="2025-05-18T13:40:27.731" /><!-- duration: 0ms -->
          <step title="Copying file: &apos;gunicorn.conf.py&apos;" date="2025-05-18T13:40:27.731" /><!-- duration: 0ms -->
          <step title="Copying file: &apos;mongo-init.js&apos;" date="2025-05-18T13:40:27.747" /><!-- duration: 0ms -->
          <step title="Copying file: &apos;notification_services.py&apos;" date="2025-05-18T13:40:27.747" /><!-- duration: 0ms -->
          <step title="Copying file: &apos;prometheus.yml&apos;" date="2025-05-18T13:40:27.747" /><!-- duration: 0ms -->
          <step title="Copying file: &apos;README.md&apos;" date="2025-05-18T13:40:27.762" /><!-- duration: 0ms -->
          <step title="Copying file: &apos;requirements.txt&apos;" date="2025-05-18T13:40:27.762" /><!-- duration: 0ms -->
          <step title="Copying file: &apos;setup.bat&apos;" date="2025-05-18T13:40:27.778" /><!-- duration: 0ms -->
          <step title="Copying file: &apos;setup.sh&apos;" date="2025-05-18T13:40:27.778" /><!-- duration: 0ms -->
          <step title="Copying file: &apos;TESTING_GUIDE.md&apos;" date="2025-05-18T13:40:27.778" /><!-- duration: 16ms -->
          <step title="Copying file: &apos;test_notification_service.py&apos;" date="2025-05-18T13:40:27.794" /><!-- duration: 0ms -->
          <step title="Copying file: &apos;.github\workflows\ci-cd.yml&apos;" date="2025-05-18T13:40:27.794" /><!-- duration: 0ms -->
          <step title="Copying file: &apos;.vscode\tasks.json&apos;" date="2025-05-18T13:40:27.809" /><!-- duration: 0ms -->
          <step title="Copying file: &apos;infra\main.bicep&apos;" date="2025-05-18T13:40:27.809" /><!-- duration: 0ms -->
          <step title="Copying file: &apos;infra\main.parameters.json&apos;" date="2025-05-18T13:40:27.809" /><!-- duration: 0ms -->
          <step title="Deleting app_offline.htm" date="2025-05-18T13:40:27.825" /><!-- duration: 0ms -->
          <step title="Finished successfully." date="2025-05-18T13:40:27.825" /><!-- duration: 0ms -->
        </step><!-- duration: 500ms -->
        <step title="Running post deployment command(s)..." date="2025-05-18T13:40:27.856" /><!-- duration: 0ms -->
        <step title="Triggering recycle (preview mode disabled)." date="2025-05-18T13:40:27.887" /><!-- duration: 0ms -->
        <step title="Ignoring FS watcher based recycle request as this is a classic Windows app." date="2025-05-18T13:40:27.887" /><!-- duration: 0ms -->
        <step title="Deployment successful. DEPLOYMENTINFO: deploymentPath = ZipDeploy. Extract zip. , deployer = ZipDeploy, os = windows, sku = Free, siteName = app-ati5nu6rj6mba, siteHostName = app-ati5nu6rj6mba.azurewebsites.net, deploymentStatus = Success" date="2025-05-18T13:40:27.919" /><!-- duration: 0ms -->
      </step><!-- duration: 766ms -->
    </step><!-- duration: 906ms -->
    <step title="Cleaning up temp files" date="2025-05-18T13:40:27.997" /><!-- duration: 16ms -->
    <step title="Skip function trigger and logicapp sync because function is not enabled." date="2025-05-18T13:40:28.012" /><!-- duration: 0ms -->
  </step><!-- duration: 1203ms -->
  <step title="LockFile &apos;C:\home\site\locks\deployments.lock&apos; released" date="2025-05-18T13:40:28.044" /><!-- duration: 0ms -->
  <step title="Deleting shutdown sentinel file" date="2025-05-18T13:40:28.044" SemaphoreCount="8" /><!-- duration: 0ms -->
</step><!-- duration: 1266ms -->
