<step title="Incoming Request" date="2025-05-18T13:40:26.450" instance="79e06d" url="/api/zipdeploy?isAsync=true" method="POST" type="request" pid="8268,2,9" Content-Length="134160" Content-Type="application/octet-stream" Accept="application/json" Accept-Encoding="gzip" Authorization="Bea..." Host="app-ati5nu6rj6mba.scm.azurewebsites.net" User-Agent="azsdk-go-zip-deploy/1.0.0 (go1.24.0 X:loopvar; Windows_NT),azdev/1.16.1 (Go go1.24.0 X:loopvar; windows/amd64)" X-Ms-Correlation-Request-Id="410aa710795f5e3fbe2f4369dd3b26b4" X-ARR-LOG-ID="410aa710-795f-5e3f-be2f-4369dd3b26b4" CLIENT-IP="146.196.37.226:51723" X-SITE-DEPLOYMENT-ID="app-ati5nu6rj6mba" WAS-DEFAULT-HOSTNAME="app-ati5nu6rj6mba.scm.azurewebsites.net" X-Forwarded-Proto="https" X-AppService-Proto="https" X-Forwarded-TlsVersion="1.3" X-WAWS-Unencoded-URL="/api/zipdeploy?isAsync=true" >
  <step title="ZipPushDeploy" date="2025-05-18T13:40:26.622" >
    <step title="ZipDeploy. Extract zip. " date="2025-05-18T13:40:26.653" /><!-- duration: 0ms -->
    <step title="Starting PushDeployAsync" date="2025-05-18T13:40:26.653" /><!-- duration: 0ms -->
    <step title="Updating shutdown sentinel last write time" date="2025-05-18T13:40:26.715" SemaphoreCount="7" /><!-- duration: 0ms -->
    <step title="LockFile &apos;C:\home\site\locks\deployments.lock&apos; acquired" date="2025-05-18T13:40:26.715" /><!-- duration: 0ms -->
    <step title="Saving request content to C:\local\Temp\zipdeploy\okkqv4ca.zip" date="2025-05-18T13:40:26.715" >
      <step title="Total 134,160 bytes written to C:\local\Temp\zipdeploy\okkqv4ca.zip" date="2025-05-18T13:40:26.747" /><!-- duration: 0ms -->
    </step><!-- duration: 31ms -->
    <step title="LockFile &apos;C:\home\site\locks\deployments.lock&apos; released" date="2025-05-18T13:40:26.762" /><!-- duration: 0ms -->
    <step title="Deleting shutdown sentinel file" date="2025-05-18T13:40:26.762" SemaphoreCount="8" /><!-- duration: 0ms -->
    <step title="Starting FetchDeploy" date="2025-05-18T13:40:26.762" /><!-- duration: 16ms -->
    <step title="Start deployment in the background" date="2025-05-18T13:40:26.778" /><!-- duration: 47ms -->
  </step><!-- duration: 203ms -->
  <step title="Outgoing response" date="2025-05-18T13:40:26.856" type="response" statusCode="202" statusText="Accepted" Server="Microsoft-IIS/10.0" x-ms-request-id="410aa710-795f-5e3f-be2f-4369dd3b26b4" Retry-After="30" Cache-Control="private" X-AspNet-Version="4.0.30319" Location="https://app-ati5nu6rj6mba.scm.azurewebsites.net/api/deployments/latest?deployer=ZipDeploy&amp;time=2025-05-18_13-40-26Z" /><!-- duration: 0ms -->
</step><!-- duration: 406ms -->
