<step title="Incoming Request" date="2025-05-18T13:46:40.650" instance="79e06d" url="/api/zipdeploy?isAsync=true" method="POST" type="request" pid="2872,2,8" Connection="Keep-Alive" Content-Length="134503" Content-Type="application/octet-stream" Accept="application/json" Accept-Encoding="gzip" Authorization="Bea..." Host="app-ati5nu6rj6mba.scm.azurewebsites.net" User-Agent="azsdk-go-zip-deploy/1.0.0 (go1.24.0 X:loopvar; Windows_NT),azdev/1.16.1 (Go go1.24.0 X:loopvar; windows/amd64)" X-Ms-Correlation-Request-Id="6da357569b29c1bb2d5f6b7a391c2869" X-ARR-LOG-ID="6da35756-9b29-c1bb-2d5f-6b7a391c2869" CLIENT-IP="146.196.37.226:52235" X-SITE-DEPLOYMENT-ID="app-ati5nu6rj6mba" WAS-DEFAULT-HOSTNAME="app-ati5nu6rj6mba.scm.azurewebsites.net" X-Forwarded-Proto="https" X-AppService-Proto="https" X-Forwarded-TlsVersion="1.3" X-WAWS-Unencoded-URL="/api/zipdeploy?isAsync=true" X-MS-COLDSTART="1" >
  <step title="ZipPushDeploy" date="2025-05-18T13:46:40.885" >
    <step title="ZipDeploy. Extract zip. " date="2025-05-18T13:46:40.916" /><!-- duration: 0ms -->
    <step title="Starting PushDeployAsync" date="2025-05-18T13:46:40.932" /><!-- duration: 0ms -->
    <step title="Updating shutdown sentinel last write time" date="2025-05-18T13:46:40.978" SemaphoreCount="7" /><!-- duration: 0ms -->
    <step title="LockFile &apos;C:\home\site\locks\deployments.lock&apos; acquired" date="2025-05-18T13:46:40.978" /><!-- duration: 0ms -->
    <step title="Saving request content to C:\local\Temp\zipdeploy\z0icpofe.zip" date="2025-05-18T13:46:40.994" >
      <step title="Total 134,503 bytes written to C:\local\Temp\zipdeploy\z0icpofe.zip" date="2025-05-18T13:46:41.010" /><!-- duration: 0ms -->
    </step><!-- duration: 16ms -->
    <step title="LockFile &apos;C:\home\site\locks\deployments.lock&apos; released" date="2025-05-18T13:46:41.025" /><!-- duration: 0ms -->
    <step title="Deleting shutdown sentinel file" date="2025-05-18T13:46:41.025" SemaphoreCount="8" /><!-- duration: 0ms -->
    <step title="Starting FetchDeploy" date="2025-05-18T13:46:41.041" /><!-- duration: 0ms -->
    <step title="Start deployment in the background" date="2025-05-18T13:46:41.041" /><!-- duration: 78ms -->
  </step><!-- duration: 234ms -->
  <step title="Outgoing response" date="2025-05-18T13:46:41.150" type="response" statusCode="202" statusText="Accepted" Server="Microsoft-IIS/10.0" x-ms-request-id="6da35756-9b29-c1bb-2d5f-6b7a391c2869" Retry-After="30" Cache-Control="private" X-AspNet-Version="4.0.30319" Location="https://app-ati5nu6rj6mba.scm.azurewebsites.net/api/deployments/latest?deployer=ZipDeploy&amp;time=2025-05-18_13-46-41Z" /><!-- duration: 0ms -->
</step><!-- duration: 500ms -->
