﻿<?xml version="1.0" encoding="utf-8"?>
<deployment>
  <id>afd5246b55f34d498930c60b7fc04463</id>
  <author>N/A</author>
  <deployer>ZipDeploy</deployer>
  <authorEmail>N/A</authorEmail>
  <message>Created via a push deployment</message>
  <progress></progress>
  <status>Success</status>
  <statusText></statusText>
  <lastSuccessEndTime>2025-05-18T18:33:46.8694388Z</lastSuccessEndTime>
  <receivedTime>2025-05-18T18:33:44.9153643Z</receivedTime>
  <startTime>2025-05-18T18:33:45.0403653Z</startTime>
  <endTime>2025-05-18T18:33:46.8694388Z</endTime>
  <complete>True</complete>
  <is_temp>False</is_temp>
  <is_readonly>True</is_readonly>
  <project_type>BASIC</project_type>
  <vsproject_id></vsproject_id>
</deployment>