{"TimeStamp":"2025-05-18T18:44:00Z","SiteName":"app-6tmscfbxdh25q-centralus","RequestId":"054e3825-6888-c77d-84af-e557d96c1cd1","Kind":"ZipDeploy","Status":"Success","Details":"{\"Id\":\"d074e01c59fc4c32a3ef043d32fac22c\",\"Status\":4,\"StatusText\":\"\",\"AuthorEmail\":\"N/A\",\"Author\":\"N/A\",\"Message\":\"Created via a push deployment\",\"Progress\":\"\",\"Deployer\":\"ZipDeploy\",\"ReceivedTime\":\"2025-05-18T18:43:59.392452Z\",\"StartTime\":\"2025-05-18T18:43:59.5330765Z\",\"EndTime\":\"2025-05-18T18:44:00.8768447Z\",\"LastSuccessEndTime\":\"2025-05-18T18:44:00.8768447Z\",\"Complete\":true,\"IsTemporary\":false,\"IsReadOnly\":true,\"SiteName\":\"app-6tmscfbxdh25q-centralus\",\"HostName\":\"app-6tmscfbxdh25q-centralus.scm.azurewebsites.net\",\"ProjectType\":\"BASIC\",\"VsProjectId\":null}"}