﻿<?xml version="1.0" encoding="utf-8"?>
<deployment>
  <id>d074e01c59fc4c32a3ef043d32fac22c</id>
  <author>N/A</author>
  <deployer>ZipDeploy</deployer>
  <authorEmail>N/A</authorEmail>
  <message>Created via a push deployment</message>
  <progress></progress>
  <status>Success</status>
  <statusText></statusText>
  <lastSuccessEndTime>2025-05-18T18:44:00.8768447Z</lastSuccessEndTime>
  <receivedTime>2025-05-18T18:43:59.392452Z</receivedTime>
  <startTime>2025-05-18T18:43:59.5330765Z</startTime>
  <endTime>2025-05-18T18:44:00.8768447Z</endTime>
  <complete>True</complete>
  <is_temp>False</is_temp>
  <is_readonly>True</is_readonly>
  <project_type>BASIC</project_type>
  <vsproject_id></vsproject_id>
</deployment>