{"TimeStamp":"2025-05-18T13:46:42Z","SiteName":"app-ati5nu6rj6mba","RequestId":"6da35756-9b29-c1bb-2d5f-6b7a391c2869","Kind":"ZipDeploy","Status":"Success","Details":"{\"Id\":\"0cdff48ecc2245ab8f1e58afb38875e9\",\"Status\":4,\"StatusText\":\"\",\"AuthorEmail\":\"N/A\",\"Author\":\"N/A\",\"Message\":\"Created via a push deployment\",\"Progress\":\"\",\"Deployer\":\"ZipDeploy\",\"ReceivedTime\":\"2025-05-18T13:46:41.3852013Z\",\"StartTime\":\"2025-05-18T13:46:41.478954Z\",\"EndTime\":\"2025-05-18T13:46:42.2450735Z\",\"LastSuccessEndTime\":\"2025-05-18T13:46:42.2450735Z\",\"Complete\":true,\"IsTemporary\":false,\"IsReadOnly\":true,\"SiteName\":\"app-ati5nu6rj6mba\",\"HostName\":\"app-ati5nu6rj6mba.scm.azurewebsites.net\",\"ProjectType\":\"BASIC\",\"VsProjectId\":null}"}