﻿<?xml version="1.0" encoding="utf-8"?>
<deployment>
  <id>0cdff48ecc2245ab8f1e58afb38875e9</id>
  <author>N/A</author>
  <deployer>ZipDeploy</deployer>
  <authorEmail>N/A</authorEmail>
  <message>Created via a push deployment</message>
  <progress></progress>
  <status>Success</status>
  <statusText></statusText>
  <lastSuccessEndTime>2025-05-18T13:46:42.2450735Z</lastSuccessEndTime>
  <receivedTime>2025-05-18T13:46:41.3852013Z</receivedTime>
  <startTime>2025-05-18T13:46:41.478954Z</startTime>
  <endTime>2025-05-18T13:46:42.2450735Z</endTime>
  <complete>True</complete>
  <is_temp>False</is_temp>
  <is_readonly>True</is_readonly>
  <project_type>BASIC</project_type>
  <vsproject_id></vsproject_id>
</deployment>