﻿<?xml version="1.0" encoding="utf-8"?>
<deployment>
  <id>5a7a18256d1342b18b8a110151d8dd15</id>
  <author>N/A</author>
  <deployer>ZipDeploy</deployer>
  <authorEmail>N/A</authorEmail>
  <message>Created via a push deployment</message>
  <progress></progress>
  <status>Success</status>
  <statusText></statusText>
  <lastSuccessEndTime>2025-05-18T13:35:26.6104533Z</lastSuccessEndTime>
  <receivedTime>2025-05-18T13:35:25.250701Z</receivedTime>
  <startTime>2025-05-18T13:35:25.3288294Z</startTime>
  <endTime>2025-05-18T13:35:26.6104533Z</endTime>
  <complete>True</complete>
  <is_temp>False</is_temp>
  <is_readonly>True</is_readonly>
  <project_type>BASIC</project_type>
  <vsproject_id></vsproject_id>
</deployment>