<step title="Incoming Request" date="2025-05-18T13:35:24.500" instance="79e06d" url="/api/zipdeploy?isAsync=true" method="POST" type="request" pid="9384,2,8" Connection="Keep-Alive" Content-Length="133652" Content-Type="application/octet-stream" Accept="application/json" Accept-Encoding="gzip" Authorization="Bea..." Host="app-ati5nu6rj6mba.scm.azurewebsites.net" User-Agent="azsdk-go-zip-deploy/1.0.0 (go1.24.0 X:loopvar; Windows_NT),azdev/1.16.1 (Go go1.24.0 X:loopvar; windows/amd64)" X-Ms-Correlation-Request-Id="9cf87eafa7a99d0cb51fc7a47f6d1a7b" X-ARR-LOG-ID="9cf87eaf-a7a9-9d0c-b51f-c7a47f6d1a7b" CLIENT-IP="146.196.37.226:51435" X-SITE-DEPLOYMENT-ID="app-ati5nu6rj6mba" WAS-DEFAULT-HOSTNAME="app-ati5nu6rj6mba.scm.azurewebsites.net" X-Forwarded-Proto="https" X-AppService-Proto="https" X-Forwarded-TlsVersion="1.3" X-WAWS-Unencoded-URL="/api/zipdeploy?isAsync=true" X-MS-COLDSTART="1" >
  <step title="ZipPushDeploy" date="2025-05-18T13:35:24.735" >
    <step title="ZipDeploy. Extract zip. " date="2025-05-18T13:35:24.766" /><!-- duration: 0ms -->
    <step title="Starting PushDeployAsync" date="2025-05-18T13:35:24.781" /><!-- duration: 0ms -->
    <step title="Updating shutdown sentinel last write time" date="2025-05-18T13:35:24.828" SemaphoreCount="7" /><!-- duration: 0ms -->
    <step title="LockFile &apos;C:\home\site\locks\deployments.lock&apos; acquired" date="2025-05-18T13:35:24.844" /><!-- duration: 0ms -->
    <step title="Saving request content to C:\local\Temp\zipdeploy\qf1gvjzu.zip" date="2025-05-18T13:35:24.844" >
      <step title="Total 133,652 bytes written to C:\local\Temp\zipdeploy\qf1gvjzu.zip" date="2025-05-18T13:35:24.860" /><!-- duration: 16ms -->
    </step><!-- duration: 31ms -->
    <step title="LockFile &apos;C:\home\site\locks\deployments.lock&apos; released" date="2025-05-18T13:35:24.875" /><!-- duration: 0ms -->
    <step title="Deleting shutdown sentinel file" date="2025-05-18T13:35:24.891" SemaphoreCount="8" /><!-- duration: 0ms -->
    <step title="Starting FetchDeploy" date="2025-05-18T13:35:24.891" /><!-- duration: 0ms -->
    <step title="Start deployment in the background" date="2025-05-18T13:35:24.906" /><!-- duration: 47ms -->
  </step><!-- duration: 219ms -->
  <step title="Outgoing response" date="2025-05-18T13:35:24.985" type="response" statusCode="202" statusText="Accepted" Server="Microsoft-IIS/10.0" x-ms-request-id="9cf87eaf-a7a9-9d0c-b51f-c7a47f6d1a7b" Retry-After="30" Cache-Control="private" X-AspNet-Version="4.0.30319" Location="https://app-ati5nu6rj6mba.scm.azurewebsites.net/api/deployments/latest?deployer=ZipDeploy&amp;time=2025-05-18_13-35-24Z" /><!-- duration: 0ms -->
</step><!-- duration: 484ms -->
