<step title="BackgroundTrace" date="2025-05-18T13:46:41.041" instance="79e06d" url="/api/zipdeploy" method="POST" >
  <step title="Updating shutdown sentinel last write time" date="2025-05-18T13:46:41.057" SemaphoreCount="7" /><!-- duration: 0ms -->
  <step title="LockFile &apos;C:\home\site\locks\deployments.lock&apos; acquired" date="2025-05-18T13:46:41.072" /><!-- duration: 0ms -->
  <step title="Creating temporary deployment" date="2025-05-18T13:46:41.072" /><!-- duration: 47ms -->
  <step title="Performing fetch based deployment" date="2025-05-18T13:46:41.119" >
    <step title="Fetching changes." date="2025-05-18T13:46:41.166" /><!-- duration: 0ms -->
    <step title="Starting LocalZipHandler" date="2025-05-18T13:46:41.166" /><!-- duration: 16ms -->
    <step title="Cleaning up temp folders from previous zip deployments and extracting pushed zip file C:\local\Temp\zipdeploy\z0icpofe.zip (0.13 MB) to C:\local\Temp\zipdeploy\extracted" date="2025-05-18T13:46:41.197" /><!-- duration: 0ms -->
    <step title="Cleaning up temp folders from previous zip deployments and extracting pushed zip file C:\local\Temp\zipdeploy\z0icpofe.zip (0.13 MB) to C:\local\Temp\zipdeploy\extracted" date="2025-05-18T13:46:41.197" >
      <step title="Extracting 111 entries to C:\local\Temp\zipdeploy\extracted directory" date="2025-05-18T13:46:41.213" >
        <step title="Extracting to C:\local\Temp\zipdeploy\extracted\.env.template ..." date="2025-05-18T13:46:41.213" /><!-- duration: 0ms -->
        <step title="Extracting to C:\local\Temp\zipdeploy\extracted\.git\COMMIT_EDITMSG ..." date="2025-05-18T13:46:41.213" /><!-- duration: 0ms -->
        <step title="Extracting to C:\local\Temp\zipdeploy\extracted\.git\HEAD ..." date="2025-05-18T13:46:41.228" /><!-- duration: 0ms -->
        <step title="Extracting to C:\local\Temp\zipdeploy\extracted\.git\config ..." date="2025-05-18T13:46:41.228" /><!-- duration: 0ms -->
        <step title="Extracting to C:\local\Temp\zipdeploy\extracted\.git\description ..." date="2025-05-18T13:46:41.228" /><!-- duration: 0ms -->
        <step title="Omitting extracting file traces ..." date="2025-05-18T13:46:41.228" /><!-- duration: 16ms -->
        <step title="Extracting to C:\local\Temp\zipdeploy\extracted\prometheus.yml ..." date="2025-05-18T13:46:41.322" /><!-- duration: 0ms -->
        <step title="Extracting to C:\local\Temp\zipdeploy\extracted\requirements.txt ..." date="2025-05-18T13:46:41.338" /><!-- duration: 0ms -->
        <step title="Extracting to C:\local\Temp\zipdeploy\extracted\setup.bat ..." date="2025-05-18T13:46:41.338" /><!-- duration: 0ms -->
        <step title="Extracting to C:\local\Temp\zipdeploy\extracted\setup.sh ..." date="2025-05-18T13:46:41.338" /><!-- duration: 0ms -->
        <step title="Extracting to C:\local\Temp\zipdeploy\extracted\test_notification_service.py ..." date="2025-05-18T13:46:41.353" /><!-- duration: 0ms -->
      </step><!-- duration: 141ms -->
    </step><!-- duration: 156ms -->
    <step title="Before sending BuildRequestReceived status to /api/updatedeploystatus" date="2025-05-18T13:46:41.353" /><!-- duration: 16ms -->
    <step title="DeploymentManager.Deploy(id:0cdff48ecc2245ab8f1e58afb38875e9)" date="2025-05-18T13:46:41.369" >
      <step title="Collecting changeset information" date="2025-05-18T13:46:41.369" /><!-- duration: 31ms -->
      <step title="Updating submodules" date="2025-05-18T13:46:41.400" >
        <step title="Updating submodules." date="2025-05-18T13:46:41.432" /><!-- duration: 0ms -->
      </step><!-- duration: 31ms -->
      <step title="Preparing deployment for commit id &apos;0cdff48ecc&apos;." date="2025-05-18T13:46:41.463" /><!-- duration: 0ms -->
      <step title="Determining deployment builder" date="2025-05-18T13:46:41.478" >
        <step title="Builder is BasicBuilder" date="2025-05-18T13:46:41.494" /><!-- duration: 0ms -->
      </step><!-- duration: 16ms -->
      <step title="Copying SSH keys" date="2025-05-18T13:46:41.510" /><!-- duration: 0ms -->
      <step title="Building" date="2025-05-18T13:46:41.510" >
        <step title="Generating deployment script." date="2025-05-18T13:46:41.541" /><!-- duration: 0ms -->
        <step title="Generating deployment script" date="2025-05-18T13:46:41.541" >
          <step title="Using cached version of the deployment script for command: -y --no-dot-deployment -r &quot;C:\local\Temp\zipdeploy\extracted&quot; -o &quot;C:\home\site\deployments\tools&quot; --basic --sitePath &quot;C:\local\Temp\zipdeploy\extracted&quot;" date="2025-05-18T13:46:41.573" /><!-- duration: 0ms -->
          <step title="Using cached version of deployment script (command: &apos;azure -y --no-dot-deployment -r &quot;C:\local\Temp\zipdeploy\extracted&quot; -o &quot;C:\home\site\deployments\tools&quot; --basic --sitePath &quot;C:\local\Temp\zipdeploy\extracted&quot;&apos;)." date="2025-05-18T13:46:41.573" /><!-- duration: 0ms -->
        </step><!-- duration: 32ms -->
        <step title="Running deployment command..." date="2025-05-18T13:46:41.604" /><!-- duration: 0ms -->
        <step title="Command: &quot;C:\home\site\deployments\tools\deploy.cmd&quot;" date="2025-05-18T13:46:41.604" /><!-- duration: 0ms -->
        <step title="Executing external process" date="2025-05-18T13:46:41.620" type="process" path="starter.cmd" arguments="&quot;C:\home\site\deployments\tools\deploy.cmd&quot;" >
          <step title="Handling Basic Web Site deployment." date="2025-05-18T13:46:41.760" /><!-- duration: 0ms -->
          <step title="Creating app_offline.htm" date="2025-05-18T13:46:41.963" /><!-- duration: 0ms -->
          <step title="KuduSync.NET from: &apos;C:\local\Temp\zipdeploy\extracted&apos; to: &apos;C:\home\site\wwwroot&apos;" date="2025-05-18T13:46:41.979" /><!-- duration: 0ms -->
          <step title="Copying file: &apos;.env.template&apos;" date="2025-05-18T13:46:41.979" /><!-- duration: 0ms -->
          <step title="Copying file: &apos;.gitignore&apos;" date="2025-05-18T13:46:41.979" /><!-- duration: 16ms -->
          <step title="Copying file: &apos;1.txt&apos;" date="2025-05-18T13:46:41.995" /><!-- duration: 0ms -->
          <step title="Copying file: &apos;app.py&apos;" date="2025-05-18T13:46:41.995" /><!-- duration: 0ms -->
          <step title="Copying file: &apos;azure.yaml&apos;" date="2025-05-18T13:46:42.010" /><!-- duration: 0ms -->
          <step title="Copying file: &apos;config.py&apos;" date="2025-05-18T13:46:42.010" /><!-- duration: 0ms -->
          <step title="Copying file: &apos;consumer.py&apos;" date="2025-05-18T13:46:42.026" /><!-- duration: 0ms -->
          <step title="Copying file: &apos;database.py&apos;" date="2025-05-18T13:46:42.026" /><!-- duration: 0ms -->
          <step title="Copying file: &apos;docker-compose.yml&apos;" date="2025-05-18T13:46:42.026" /><!-- duration: 0ms -->
          <step title="Copying file: &apos;Dockerfile&apos;" date="2025-05-18T13:46:42.041" /><!-- duration: 0ms -->
          <step title="Copying file: &apos;gunicorn.conf.py&apos;" date="2025-05-18T13:46:42.041" /><!-- duration: 16ms -->
          <step title="Copying file: &apos;mongo-init.js&apos;" date="2025-05-18T13:46:42.057" /><!-- duration: 0ms -->
          <step title="Copying file: &apos;notification_services.py&apos;" date="2025-05-18T13:46:42.073" /><!-- duration: 0ms -->
          <step title="Copying file: &apos;prometheus.yml&apos;" date="2025-05-18T13:46:42.073" /><!-- duration: 0ms -->
          <step title="Copying file: &apos;README.md&apos;" date="2025-05-18T13:46:42.073" /><!-- duration: 0ms -->
          <step title="Copying file: &apos;requirements.txt&apos;" date="2025-05-18T13:46:42.088" /><!-- duration: 0ms -->
          <step title="Copying file: &apos;setup.bat&apos;" date="2025-05-18T13:46:42.088" /><!-- duration: 0ms -->
          <step title="Copying file: &apos;setup.sh&apos;" date="2025-05-18T13:46:42.104" /><!-- duration: 0ms -->
          <step title="Copying file: &apos;TESTING_GUIDE.md&apos;" date="2025-05-18T13:46:42.104" /><!-- duration: 0ms -->
          <step title="Copying file: &apos;test_notification_service.py&apos;" date="2025-05-18T13:46:42.104" /><!-- duration: 0ms -->
          <step title="Copying file: &apos;.github\workflows\ci-cd.yml&apos;" date="2025-05-18T13:46:42.120" /><!-- duration: 0ms -->
          <step title="Copying file: &apos;.vscode\tasks.json&apos;" date="2025-05-18T13:46:42.120" /><!-- duration: 0ms -->
          <step title="Copying file: &apos;infra\main.bicep&apos;" date="2025-05-18T13:46:42.135" /><!-- duration: 0ms -->
          <step title="Copying file: &apos;infra\main.parameters.json&apos;" date="2025-05-18T13:46:42.135" /><!-- duration: 0ms -->
          <step title="Deleting app_offline.htm" date="2025-05-18T13:46:42.135" /><!-- duration: 0ms -->
          <step title="Finished successfully." date="2025-05-18T13:46:42.151" /><!-- duration: 0ms -->
        </step><!-- duration: 531ms -->
        <step title="Running post deployment command(s)..." date="2025-05-18T13:46:42.182" /><!-- duration: 0ms -->
        <step title="Triggering recycle (preview mode disabled)." date="2025-05-18T13:46:42.198" /><!-- duration: 16ms -->
        <step title="Ignoring FS watcher based recycle request as this is a classic Windows app." date="2025-05-18T13:46:42.213" /><!-- duration: 0ms -->
        <step title="Deployment successful. DEPLOYMENTINFO: deploymentPath = ZipDeploy. Extract zip. , deployer = ZipDeploy, os = windows, sku = Free, siteName = app-ati5nu6rj6mba, siteHostName = app-ati5nu6rj6mba.azurewebsites.net, deploymentStatus = Success" date="2025-05-18T13:46:42.229" /><!-- duration: 0ms -->
      </step><!-- duration: 813ms -->
    </step><!-- duration: 954ms -->
    <step title="Cleaning up temp files" date="2025-05-18T13:46:42.323" /><!-- duration: 0ms -->
    <step title="Skip function trigger and logicapp sync because function is not enabled." date="2025-05-18T13:46:42.338" /><!-- duration: 0ms -->
  </step><!-- duration: 1235ms -->
  <step title="LockFile &apos;C:\home\site\locks\deployments.lock&apos; released" date="2025-05-18T13:46:42.354" /><!-- duration: 16ms -->
  <step title="Deleting shutdown sentinel file" date="2025-05-18T13:46:42.370" SemaphoreCount="8" /><!-- duration: 0ms -->
</step><!-- duration: 1329ms -->
