<step title="BackgroundTrace" date="2025-05-18T18:43:58.736" instance="c01540" url="/api/zipdeploy" method="POST" >
  <step title="Updating shutdown sentinel last write time" date="2025-05-18T18:43:58.751" SemaphoreCount="7" /><!-- duration: 0ms -->
  <step title="LockFile &apos;C:\home\site\locks\deployments.lock&apos; acquired" date="2025-05-18T18:43:58.751" /><!-- duration: 16ms -->
  <step title="Creating temporary deployment" date="2025-05-18T18:43:58.767" /><!-- duration: 31ms -->
  <step title="Performing fetch based deployment" date="2025-05-18T18:43:58.798" >
    <step title="Fetching changes." date="2025-05-18T18:43:58.829" /><!-- duration: 16ms -->
    <step title="Starting LocalZipHandler" date="2025-05-18T18:43:58.845" /><!-- duration: 0ms -->
    <step title="Cleaning up temp folders from previous zip deployments and extracting pushed zip file C:\local\Temp\zipdeploy\qhts42a0.zip (14.43 MB) to C:\local\Temp\zipdeploy\extracted" date="2025-05-18T18:43:58.876" /><!-- duration: 0ms -->
    <step title="Cleaning up temp folders from previous zip deployments and extracting pushed zip file C:\local\Temp\zipdeploy\qhts42a0.zip (14.43 MB) to C:\local\Temp\zipdeploy\extracted" date="2025-05-18T18:43:58.876" >
      <step title="Renaming extractTargetDirectory(C:\local\Temp\zipdeploy\extracted) to tempDirectory(C:\local\Temp\zipdeploy\d3ione52.osl)" date="2025-05-18T18:43:58.892" /><!-- duration: 0ms -->
      <step title="Extracting 197 entries to C:\local\Temp\zipdeploy\extracted directory" date="2025-05-18T18:43:58.892" >
        <step title="Extracting to C:\local\Temp\zipdeploy\extracted\.env ..." date="2025-05-18T18:43:58.908" /><!-- duration: 0ms -->
        <step title="Extracting to C:\local\Temp\zipdeploy\extracted\.env.template ..." date="2025-05-18T18:43:58.908" /><!-- duration: 0ms -->
        <step title="Extracting to C:\local\Temp\zipdeploy\extracted\.git\COMMIT_EDITMSG ..." date="2025-05-18T18:43:58.923" /><!-- duration: 0ms -->
        <step title="Extracting to C:\local\Temp\zipdeploy\extracted\.git\HEAD ..." date="2025-05-18T18:43:58.923" /><!-- duration: 0ms -->
        <step title="Extracting to C:\local\Temp\zipdeploy\extracted\.git\config ..." date="2025-05-18T18:43:58.939" /><!-- duration: 0ms -->
        <step title="Omitting extracting file traces ..." date="2025-05-18T18:43:58.939" /><!-- duration: 16ms -->
        <step title="Extracting to C:\local\Temp\zipdeploy\extracted\webapp_logs\deployments\latest.json ..." date="2025-05-18T18:43:59.298" /><!-- duration: 0ms -->
        <step title="Extracting to C:\local\Temp\zipdeploy\extracted\webapp_logs\deployments\pending ..." date="2025-05-18T18:43:59.314" /><!-- duration: 0ms -->
        <step title="Extracting to C:\local\Temp\zipdeploy\extracted\webapp_logs\deployments\tools\deploy.cmd ..." date="2025-05-18T18:43:59.314" /><!-- duration: 0ms -->
        <step title="Extracting to C:\local\Temp\zipdeploy\extracted\webapp_logs\deployments\tools\deploymentCacheKey ..." date="2025-05-18T18:43:59.329" /><!-- duration: 0ms -->
        <step title="Extracting to C:\local\Temp\zipdeploy\extracted\webapp_logs.zip ..." date="2025-05-18T18:43:59.329" /><!-- duration: 16ms -->
      </step><!-- duration: 453ms -->
    </step><!-- duration: 469ms -->
    <step title="Before sending BuildRequestReceived status to /api/updatedeploystatus" date="2025-05-18T18:43:59.345" /><!-- duration: 16ms -->
    <step title="DeploymentManager.Deploy(id:d074e01c59fc4c32a3ef043d32fac22c)" date="2025-05-18T18:43:59.361" >
      <step title="Collecting changeset information" date="2025-05-18T18:43:59.376" /><!-- duration: 31ms -->
      <step title="Updating submodules" date="2025-05-18T18:43:59.408" >
        <step title="Updating submodules." date="2025-05-18T18:43:59.439" /><!-- duration: 0ms -->
      </step><!-- duration: 31ms -->
      <step title="Preparing deployment for commit id &apos;d074e01c59&apos;." date="2025-05-18T18:43:59.517" /><!-- duration: 0ms -->
      <step title="Determining deployment builder" date="2025-05-18T18:43:59.548" >
        <step title="Builder is BasicBuilder" date="2025-05-18T18:43:59.548" /><!-- duration: 0ms -->
      </step><!-- duration: 16ms -->
      <step title="Copying SSH keys" date="2025-05-18T18:43:59.579" /><!-- duration: 0ms -->
      <step title="Building" date="2025-05-18T18:43:59.579" >
        <step title="Generating deployment script." date="2025-05-18T18:43:59.611" /><!-- duration: 16ms -->
        <step title="Generating deployment script" date="2025-05-18T18:43:59.626" >
          <step title="Using cached version of the deployment script for command: -y --no-dot-deployment -r &quot;C:\local\Temp\zipdeploy\extracted&quot; -o &quot;C:\home\site\deployments\tools&quot; --basic --sitePath &quot;C:\local\Temp\zipdeploy\extracted&quot;" date="2025-05-18T18:43:59.642" /><!-- duration: 0ms -->
          <step title="Using cached version of deployment script (command: &apos;azure -y --no-dot-deployment -r &quot;C:\local\Temp\zipdeploy\extracted&quot; -o &quot;C:\home\site\deployments\tools&quot; --basic --sitePath &quot;C:\local\Temp\zipdeploy\extracted&quot;&apos;)." date="2025-05-18T18:43:59.658" /><!-- duration: 0ms -->
        </step><!-- duration: 31ms -->
        <step title="Running deployment command..." date="2025-05-18T18:43:59.689" /><!-- duration: 0ms -->
        <step title="Command: &quot;C:\home\site\deployments\tools\deploy.cmd&quot;" date="2025-05-18T18:43:59.704" /><!-- duration: 16ms -->
        <step title="Executing external process" date="2025-05-18T18:43:59.720" type="process" path="starter.cmd" arguments="&quot;C:\home\site\deployments\tools\deploy.cmd&quot;" >
          <step title="Handling Basic Web Site deployment." date="2025-05-18T18:43:59.845" /><!-- duration: 16ms -->
          <step title="Creating app_offline.htm" date="2025-05-18T18:44:00.189" /><!-- duration: 0ms -->
          <step title="KuduSync.NET from: &apos;C:\local\Temp\zipdeploy\extracted&apos; to: &apos;C:\home\site\wwwroot&apos;" date="2025-05-18T18:44:00.204" /><!-- duration: 0ms -->
          <step title="Copying file: &apos;.env&apos;" date="2025-05-18T18:44:00.204" /><!-- duration: 16ms -->
          <step title="Copying file: &apos;.env.template&apos;" date="2025-05-18T18:44:00.220" /><!-- duration: 0ms -->
          <step title="Copying file: &apos;.gitignore&apos;" date="2025-05-18T18:44:00.236" /><!-- duration: 0ms -->
          <step title="Copying file: &apos;1.txt&apos;" date="2025-05-18T18:44:00.236" /><!-- duration: 0ms -->
          <step title="Copying file: &apos;app.py&apos;" date="2025-05-18T18:44:00.251" /><!-- duration: 0ms -->
          <step title="Copying file: &apos;azure.yaml&apos;" date="2025-05-18T18:44:00.267" /><!-- duration: 0ms -->
          <step title="Copying file: &apos;config.py&apos;" date="2025-05-18T18:44:00.267" /><!-- duration: 0ms -->
          <step title="Copying file: &apos;consumer.py&apos;" date="2025-05-18T18:44:00.283" /><!-- duration: 0ms -->
          <step title="Copying file: &apos;database.py&apos;" date="2025-05-18T18:44:00.283" /><!-- duration: 16ms -->
          <step title="Copying file: &apos;deploy.sh&apos;" date="2025-05-18T18:44:00.298" /><!-- duration: 0ms -->
          <step title="Copying file: &apos;deploy.zip&apos;" date="2025-05-18T18:44:00.314" /><!-- duration: 0ms -->
          <step title="Copying file: &apos;docker-compose.yml&apos;" date="2025-05-18T18:44:00.329" /><!-- duration: 0ms -->
          <step title="Copying file: &apos;Dockerfile&apos;" date="2025-05-18T18:44:00.329" /><!-- duration: 0ms -->
          <step title="Copying file: &apos;gunicorn.conf.py&apos;" date="2025-05-18T18:44:00.345" /><!-- duration: 0ms -->
          <step title="Copying file: &apos;mongo-init.js&apos;" date="2025-05-18T18:44:00.345" /><!-- duration: 16ms -->
          <step title="Copying file: &apos;notification_services.py&apos;" date="2025-05-18T18:44:00.361" /><!-- duration: 16ms -->
          <step title="Copying file: &apos;prometheus.yml&apos;" date="2025-05-18T18:44:00.376" /><!-- duration: 0ms -->
          <step title="Copying file: &apos;README.md&apos;" date="2025-05-18T18:44:00.392" /><!-- duration: 0ms -->
          <step title="Copying file: &apos;requirements.txt&apos;" date="2025-05-18T18:44:00.392" /><!-- duration: 0ms -->
          <step title="Copying file: &apos;setup.bat&apos;" date="2025-05-18T18:44:00.408" /><!-- duration: 0ms -->
          <step title="Copying file: &apos;setup.sh&apos;" date="2025-05-18T18:44:00.423" /><!-- duration: 0ms -->
          <step title="Copying file: &apos;TESTING_GUIDE.md&apos;" date="2025-05-18T18:44:00.423" /><!-- duration: 16ms -->
          <step title="Copying file: &apos;test_notification_service.py&apos;" date="2025-05-18T18:44:00.439" /><!-- duration: 0ms -->
          <step title="Copying file: &apos;webapp_logs.zip&apos;" date="2025-05-18T18:44:00.454" /><!-- duration: 0ms -->
          <step title="Copying file: &apos;.github\workflows\ci-cd.yml&apos;" date="2025-05-18T18:44:00.454" /><!-- duration: 0ms -->
          <step title="Copying file: &apos;.vscode\tasks.json&apos;" date="2025-05-18T18:44:00.470" /><!-- duration: 0ms -->
          <step title="Copying file: &apos;infra\azure-deploy.bicep&apos;" date="2025-05-18T18:44:00.486" /><!-- duration: 0ms -->
          <step title="Copying file: &apos;infra\deploy.sh&apos;" date="2025-05-18T18:44:00.486" /><!-- duration: 0ms -->
          <step title="Copying file: &apos;infra\main.bicep&apos;" date="2025-05-18T18:44:00.501" /><!-- duration: 0ms -->
          <step title="Copying file: &apos;infra\main.json&apos;" date="2025-05-18T18:44:00.517" /><!-- duration: 0ms -->
          <step title="Copying file: &apos;infra\main.parameters.json&apos;" date="2025-05-18T18:44:00.517" /><!-- duration: 16ms -->
          <step title="Copying file: &apos;webapp_logs\deployments\active&apos;" date="2025-05-18T18:44:00.533" /><!-- duration: 16ms -->
          <step title="Copying file: &apos;webapp_logs\deployments\latest.json&apos;" date="2025-05-18T18:44:00.548" /><!-- duration: 0ms -->
          <step title="Copying file: &apos;webapp_logs\deployments\pending&apos;" date="2025-05-18T18:44:00.564" /><!-- duration: 0ms -->
          <step title="Copying file: &apos;webapp_logs\deployments\0cdff48ecc2245ab8f1e58afb38875e9\log.log&apos;" date="2025-05-18T18:44:00.564" /><!-- duration: 16ms -->
          <step title="Copying file: &apos;webapp_logs\deployments\0cdff48ecc2245ab8f1e58afb38875e9\manifest&apos;" date="2025-05-18T18:44:00.579" /><!-- duration: 0ms -->
          <step title="Copying file: &apos;webapp_logs\deployments\0cdff48ecc2245ab8f1e58afb38875e9\status.xml&apos;" date="2025-05-18T18:44:00.595" /><!-- duration: 0ms -->
          <step title="Copying file: &apos;webapp_logs\deployments\0cdff48ecc2245ab8f1e58afb38875e9\status_complete.xml&apos;" date="2025-05-18T18:44:00.595" /><!-- duration: 16ms -->
          <step title="Copying file: &apos;webapp_logs\deployments\4a50d132ecdd4e25add57ed15564ca64\log.log&apos;" date="2025-05-18T18:44:00.611" /><!-- duration: 0ms -->
          <step title="Copying file: &apos;webapp_logs\deployments\4a50d132ecdd4e25add57ed15564ca64\manifest&apos;" date="2025-05-18T18:44:00.626" /><!-- duration: 0ms -->
          <step title="Copying file: &apos;webapp_logs\deployments\4a50d132ecdd4e25add57ed15564ca64\status.xml&apos;" date="2025-05-18T18:44:00.642" /><!-- duration: 0ms -->
          <step title="Copying file: &apos;webapp_logs\deployments\4a50d132ecdd4e25add57ed15564ca64\status_complete.xml&apos;" date="2025-05-18T18:44:00.642" /><!-- duration: 0ms -->
          <step title="Copying file: &apos;webapp_logs\deployments\5a7a18256d1342b18b8a110151d8dd15\log.log&apos;" date="2025-05-18T18:44:00.658" /><!-- duration: 0ms -->
          <step title="Copying file: &apos;webapp_logs\deployments\5a7a18256d1342b18b8a110151d8dd15\manifest&apos;" date="2025-05-18T18:44:00.658" /><!-- duration: 16ms -->
          <step title="Copying file: &apos;webapp_logs\deployments\5a7a18256d1342b18b8a110151d8dd15\status.xml&apos;" date="2025-05-18T18:44:00.673" /><!-- duration: 0ms -->
          <step title="Copying file: &apos;webapp_logs\deployments\5a7a18256d1342b18b8a110151d8dd15\status_complete.xml&apos;" date="2025-05-18T18:44:00.689" /><!-- duration: 0ms -->
          <step title="Copying file: &apos;webapp_logs\deployments\tools\deploymentCacheKey&apos;" date="2025-05-18T18:44:00.689" /><!-- duration: 16ms -->
          <step title="Copying file: &apos;webapp_logs\LogFiles\kudu\trace\2025-05-18T13-35-24_79e06d_001_Startup_POST_api-zipdeploy_0s.xml&apos;" date="2025-05-18T18:44:00.704" /><!-- duration: 0ms -->
          <step title="Omitting next output lines..." date="2025-05-18T18:44:00.720" /><!-- duration: 0ms -->
          <step title="Finished successfully." date="2025-05-18T18:44:00.720" /><!-- duration: 16ms -->
        </step><!-- duration: 1016ms -->
        <step title="Running post deployment command(s)..." date="2025-05-18T18:44:00.783" /><!-- duration: 0ms -->
        <step title="Triggering recycle (preview mode disabled)." date="2025-05-18T18:44:00.814" /><!-- duration: 0ms -->
        <step title="Ignoring FS watcher based recycle request as this is a classic Windows app." date="2025-05-18T18:44:00.829" /><!-- duration: 0ms -->
        <step title="Deployment successful. DEPLOYMENTINFO: deploymentPath = ZipDeploy. Extract zip. , deployer = ZipDeploy, os = windows, sku = Free, siteName = app-6tmscfbxdh25q-centralus, siteHostName = app-6tmscfbxdh25q-centralus.azurewebsites.net, deploymentStatus = Success" date="2025-05-18T18:44:00.861" /><!-- duration: 0ms -->
      </step><!-- duration: 1359ms -->
    </step><!-- duration: 1594ms -->
    <step title="Cleaning up temp files" date="2025-05-18T18:44:00.954" /><!-- duration: 0ms -->
    <step title="Skip function trigger and logicapp sync because function is not enabled." date="2025-05-18T18:44:00.970" /><!-- duration: 0ms -->
  </step><!-- duration: 2203ms -->
  <step title="LockFile &apos;C:\home\site\locks\deployments.lock&apos; released" date="2025-05-18T18:44:01.017" /><!-- duration: 0ms -->
  <step title="Deleting shutdown sentinel file" date="2025-05-18T18:44:01.017" SemaphoreCount="8" /><!-- duration: 16ms -->
</step><!-- duration: 2297ms -->
