<step title="Incoming Request" date="2025-05-18T18:33:43.462" instance="c01540" url="/api/zipdeploy?isAsync=true" method="POST" type="request" pid="18568,2,10" Connection="Keep-Alive" Content-Length="15135908" Content-Type="application/octet-stream" Accept="application/json" Accept-Encoding="gzip" Authorization="Bea..." Host="app-6tmscfbxdh25q-centralus.scm.azurewebsites.net" User-Agent="azsdk-go-zip-deploy/1.0.0 (go1.24.0 X:loopvar; Windows_NT),azdev/1.16.1 (Go go1.24.0 X:loopvar; windows/amd64)" X-Ms-Correlation-Request-Id="a7cb6ac43779da646d60427b91f228d7" X-ARR-LOG-ID="a7cb6ac4-3779-da64-6d60-427b91f228d7" CLIENT-IP="146.196.37.226:62127" X-SITE-DEPLOYMENT-ID="app-6tmscfbxdh25q-centralus" WAS-DEFAULT-HOSTNAME="app-6tmscfbxdh25q-centralus.scm.azurewebsites.net" X-Forwarded-Proto="https" X-AppService-Proto="https" X-Forwarded-TlsVersion="1.3" X-WAWS-Unencoded-URL="/api/zipdeploy?isAsync=true" X-MS-COLDSTART="1" >
  <step title="ZipPushDeploy" date="2025-05-18T18:33:43.712" >
    <step title="ZipDeploy. Extract zip. " date="2025-05-18T18:33:43.743" /><!-- duration: 0ms -->
    <step title="Starting PushDeployAsync" date="2025-05-18T18:33:43.743" /><!-- duration: 16ms -->
    <step title="Updating shutdown sentinel last write time" date="2025-05-18T18:33:43.805" SemaphoreCount="7" /><!-- duration: 0ms -->
    <step title="LockFile &apos;C:\home\site\locks\deployments.lock&apos; acquired" date="2025-05-18T18:33:43.821" /><!-- duration: 0ms -->
    <step title="Saving request content to C:\local\Temp\zipdeploy\lugdi5sr.zip" date="2025-05-18T18:33:43.821" >
      <step title="Total 15,135,908 bytes written to C:\local\Temp\zipdeploy\lugdi5sr.zip" date="2025-05-18T18:33:44.180" /><!-- duration: 0ms -->
    </step><!-- duration: 359ms -->
    <step title="LockFile &apos;C:\home\site\locks\deployments.lock&apos; released" date="2025-05-18T18:33:44.196" /><!-- duration: 0ms -->
    <step title="Deleting shutdown sentinel file" date="2025-05-18T18:33:44.212" SemaphoreCount="8" /><!-- duration: 0ms -->
    <step title="Starting FetchDeploy" date="2025-05-18T18:33:44.212" /><!-- duration: 0ms -->
    <step title="Start deployment in the background" date="2025-05-18T18:33:44.227" /><!-- duration: 63ms -->
  </step><!-- duration: 594ms -->
  <step title="Outgoing response" date="2025-05-18T18:33:44.321" type="response" statusCode="202" statusText="Accepted" Server="Microsoft-IIS/10.0" x-ms-request-id="a7cb6ac4-3779-da64-6d60-427b91f228d7" Retry-After="30" Cache-Control="private" X-AspNet-Version="4.0.30319" Location="https://app-6tmscfbxdh25q-centralus.scm.azurewebsites.net/api/deployments/latest?deployer=ZipDeploy&amp;time=2025-05-18_18-33-44Z" /><!-- duration: 0ms -->
</step><!-- duration: 875ms -->
