<step title="BackgroundTrace" date="2025-05-18T18:33:44.227" instance="c01540" url="/api/zipdeploy" method="POST" >
  <step title="Updating shutdown sentinel last write time" date="2025-05-18T18:33:44.243" SemaphoreCount="7" /><!-- duration: 0ms -->
  <step title="LockFile &apos;C:\home\site\locks\deployments.lock&apos; acquired" date="2025-05-18T18:33:44.243" /><!-- duration: 16ms -->
  <step title="Creating temporary deployment" date="2025-05-18T18:33:44.259" /><!-- duration: 31ms -->
  <step title="Performing fetch based deployment" date="2025-05-18T18:33:44.305" >
    <step title="Fetching changes." date="2025-05-18T18:33:44.352" /><!-- duration: 0ms -->
    <step title="Starting LocalZipHandler" date="2025-05-18T18:33:44.368" /><!-- duration: 0ms -->
    <step title="Cleaning up temp folders from previous zip deployments and extracting pushed zip file C:\local\Temp\zipdeploy\lugdi5sr.zip (14.43 MB) to C:\local\Temp\zipdeploy\extracted" date="2025-05-18T18:33:44.399" /><!-- duration: 0ms -->
    <step title="Cleaning up temp folders from previous zip deployments and extracting pushed zip file C:\local\Temp\zipdeploy\lugdi5sr.zip (14.43 MB) to C:\local\Temp\zipdeploy\extracted" date="2025-05-18T18:33:44.399" >
      <step title="Extracting 197 entries to C:\local\Temp\zipdeploy\extracted directory" date="2025-05-18T18:33:44.415" >
        <step title="Extracting to C:\local\Temp\zipdeploy\extracted\.env ..." date="2025-05-18T18:33:44.415" /><!-- duration: 0ms -->
        <step title="Extracting to C:\local\Temp\zipdeploy\extracted\.env.template ..." date="2025-05-18T18:33:44.415" /><!-- duration: 16ms -->
        <step title="Extracting to C:\local\Temp\zipdeploy\extracted\.git\COMMIT_EDITMSG ..." date="2025-05-18T18:33:44.430" /><!-- duration: 0ms -->
        <step title="Extracting to C:\local\Temp\zipdeploy\extracted\.git\HEAD ..." date="2025-05-18T18:33:44.446" /><!-- duration: 0ms -->
        <step title="Extracting to C:\local\Temp\zipdeploy\extracted\.git\config ..." date="2025-05-18T18:33:44.446" /><!-- duration: 0ms -->
        <step title="Omitting extracting file traces ..." date="2025-05-18T18:33:44.446" /><!-- duration: 16ms -->
        <step title="Extracting to C:\local\Temp\zipdeploy\extracted\webapp_logs\deployments\latest.json ..." date="2025-05-18T18:33:44.821" /><!-- duration: 0ms -->
        <step title="Extracting to C:\local\Temp\zipdeploy\extracted\webapp_logs\deployments\pending ..." date="2025-05-18T18:33:44.821" /><!-- duration: 16ms -->
        <step title="Extracting to C:\local\Temp\zipdeploy\extracted\webapp_logs\deployments\tools\deploy.cmd ..." date="2025-05-18T18:33:44.837" /><!-- duration: 0ms -->
        <step title="Extracting to C:\local\Temp\zipdeploy\extracted\webapp_logs\deployments\tools\deploymentCacheKey ..." date="2025-05-18T18:33:44.837" /><!-- duration: 16ms -->
        <step title="Extracting to C:\local\Temp\zipdeploy\extracted\webapp_logs.zip ..." date="2025-05-18T18:33:44.852" /><!-- duration: 16ms -->
      </step><!-- duration: 453ms -->
    </step><!-- duration: 484ms -->
    <step title="Before sending BuildRequestReceived status to /api/updatedeploystatus" date="2025-05-18T18:33:44.884" /><!-- duration: 0ms -->
    <step title="DeploymentManager.Deploy(id:afd5246b55f34d498930c60b7fc04463)" date="2025-05-18T18:33:44.899" >
      <step title="Collecting changeset information" date="2025-05-18T18:33:44.899" /><!-- duration: 31ms -->
      <step title="Updating submodules" date="2025-05-18T18:33:44.946" >
        <step title="Updating submodules." date="2025-05-18T18:33:44.977" /><!-- duration: 0ms -->
      </step><!-- duration: 31ms -->
      <step title="Preparing deployment for commit id &apos;afd5246b55&apos;." date="2025-05-18T18:33:45.024" /><!-- duration: 0ms -->
      <step title="Determining deployment builder" date="2025-05-18T18:33:45.055" >
        <step title="Builder is BasicBuilder" date="2025-05-18T18:33:45.055" /><!-- duration: 16ms -->
      </step><!-- duration: 16ms -->
      <step title="Copying SSH keys" date="2025-05-18T18:33:45.087" /><!-- duration: 0ms -->
      <step title="Building" date="2025-05-18T18:33:45.087" >
        <step title="Generating deployment script." date="2025-05-18T18:33:45.118" /><!-- duration: 16ms -->
        <step title="Generating deployment script" date="2025-05-18T18:33:45.134" >
          <step title="Using the following command to generate deployment script: &apos;azure site deploymentscript -y --no-dot-deployment -r &quot;C:\local\Temp\zipdeploy\extracted&quot; -o &quot;C:\home\site\deployments\tools&quot; --basic --sitePath &quot;C:\local\Temp\zipdeploy\extracted&quot;&apos;." date="2025-05-18T18:33:45.149" /><!-- duration: 16ms -->
          <step title="Executing external process" date="2025-05-18T18:33:45.165" type="process" path="starter.cmd" arguments="&quot;C:\Program Files (x86)\SiteExtensions\Kudu\103.110221.001\bin\node_modules\.bin\kuduscript.cmd&quot; -y --no-dot-deployment -r &quot;C:\local\Temp\zipdeploy\extracted&quot; -o &quot;C:\home\site\deployments\tools&quot; --basic --sitePath &quot;C:\local\Temp\zipdeploy\extracted&quot;" >
            <step title="Generating deployment script for Web Site" date="2025-05-18T18:33:45.321" /><!-- duration: 0ms -->
            <step title="Generated deployment script files" date="2025-05-18T18:33:45.337" /><!-- duration: 0ms -->
          </step><!-- duration: 172ms -->
          <step title="Saved cached version of the deployment script for command -y --no-dot-deployment -r &quot;C:\local\Temp\zipdeploy\extracted&quot; -o &quot;C:\home\site\deployments\tools&quot; --basic --sitePath &quot;C:\local\Temp\zipdeploy\extracted&quot;" date="2025-05-18T18:33:45.352" /><!-- duration: 0ms -->
        </step><!-- duration: 234ms -->
        <step title="Running deployment command..." date="2025-05-18T18:33:45.399" /><!-- duration: 0ms -->
        <step title="Command: &quot;C:\home\site\deployments\tools\deploy.cmd&quot;" date="2025-05-18T18:33:45.415" /><!-- duration: 0ms -->
        <step title="Executing external process" date="2025-05-18T18:33:45.415" type="process" path="starter.cmd" arguments="&quot;C:\home\site\deployments\tools\deploy.cmd&quot;" >
          <step title="Handling Basic Web Site deployment." date="2025-05-18T18:33:45.555" /><!-- duration: 0ms -->
          <step title="Creating app_offline.htm" date="2025-05-18T18:33:46.149" /><!-- duration: 16ms -->
          <step title="KuduSync.NET from: &apos;C:\local\Temp\zipdeploy\extracted&apos; to: &apos;C:\home\site\wwwroot&apos;" date="2025-05-18T18:33:46.165" /><!-- duration: 0ms -->
          <step title="Deleting file: &apos;hostingstart.html&apos;" date="2025-05-18T18:33:46.181" /><!-- duration: 0ms -->
          <step title="Copying file: &apos;.env&apos;" date="2025-05-18T18:33:46.181" /><!-- duration: 16ms -->
          <step title="Copying file: &apos;.env.template&apos;" date="2025-05-18T18:33:46.196" /><!-- duration: 0ms -->
          <step title="Copying file: &apos;.gitignore&apos;" date="2025-05-18T18:33:46.227" /><!-- duration: 0ms -->
          <step title="Copying file: &apos;1.txt&apos;" date="2025-05-18T18:33:46.243" /><!-- duration: 0ms -->
          <step title="Copying file: &apos;app.py&apos;" date="2025-05-18T18:33:46.243" /><!-- duration: 16ms -->
          <step title="Copying file: &apos;azure.yaml&apos;" date="2025-05-18T18:33:46.274" /><!-- duration: 0ms -->
          <step title="Copying file: &apos;config.py&apos;" date="2025-05-18T18:33:46.274" /><!-- duration: 16ms -->
          <step title="Copying file: &apos;consumer.py&apos;" date="2025-05-18T18:33:46.290" /><!-- duration: 0ms -->
          <step title="Copying file: &apos;database.py&apos;" date="2025-05-18T18:33:46.306" /><!-- duration: 0ms -->
          <step title="Copying file: &apos;deploy.sh&apos;" date="2025-05-18T18:33:46.306" /><!-- duration: 0ms -->
          <step title="Copying file: &apos;deploy.zip&apos;" date="2025-05-18T18:33:46.321" /><!-- duration: 0ms -->
          <step title="Copying file: &apos;docker-compose.yml&apos;" date="2025-05-18T18:33:46.321" /><!-- duration: 16ms -->
          <step title="Copying file: &apos;Dockerfile&apos;" date="2025-05-18T18:33:46.337" /><!-- duration: 0ms -->
          <step title="Copying file: &apos;gunicorn.conf.py&apos;" date="2025-05-18T18:33:46.352" /><!-- duration: 0ms -->
          <step title="Copying file: &apos;mongo-init.js&apos;" date="2025-05-18T18:33:46.352" /><!-- duration: 16ms -->
          <step title="Copying file: &apos;notification_services.py&apos;" date="2025-05-18T18:33:46.368" /><!-- duration: 0ms -->
          <step title="Copying file: &apos;prometheus.yml&apos;" date="2025-05-18T18:33:46.384" /><!-- duration: 0ms -->
          <step title="Copying file: &apos;README.md&apos;" date="2025-05-18T18:33:46.384" /><!-- duration: 16ms -->
          <step title="Copying file: &apos;requirements.txt&apos;" date="2025-05-18T18:33:46.399" /><!-- duration: 0ms -->
          <step title="Copying file: &apos;setup.bat&apos;" date="2025-05-18T18:33:46.415" /><!-- duration: 0ms -->
          <step title="Copying file: &apos;setup.sh&apos;" date="2025-05-18T18:33:46.415" /><!-- duration: 0ms -->
          <step title="Copying file: &apos;TESTING_GUIDE.md&apos;" date="2025-05-18T18:33:46.431" /><!-- duration: 0ms -->
          <step title="Copying file: &apos;test_notification_service.py&apos;" date="2025-05-18T18:33:46.431" /><!-- duration: 16ms -->
          <step title="Copying file: &apos;webapp_logs.zip&apos;" date="2025-05-18T18:33:46.446" /><!-- duration: 0ms -->
          <step title="Copying file: &apos;.github\workflows\ci-cd.yml&apos;" date="2025-05-18T18:33:46.462" /><!-- duration: 0ms -->
          <step title="Copying file: &apos;.vscode\tasks.json&apos;" date="2025-05-18T18:33:46.477" /><!-- duration: 0ms -->
          <step title="Copying file: &apos;infra\azure-deploy.bicep&apos;" date="2025-05-18T18:33:46.477" /><!-- duration: 16ms -->
          <step title="Copying file: &apos;infra\deploy.sh&apos;" date="2025-05-18T18:33:46.493" /><!-- duration: 0ms -->
          <step title="Copying file: &apos;infra\main.bicep&apos;" date="2025-05-18T18:33:46.509" /><!-- duration: 0ms -->
          <step title="Copying file: &apos;infra\main.json&apos;" date="2025-05-18T18:33:46.509" /><!-- duration: 0ms -->
          <step title="Copying file: &apos;infra\main.parameters.json&apos;" date="2025-05-18T18:33:46.524" /><!-- duration: 0ms -->
          <step title="Copying file: &apos;webapp_logs\deployments\active&apos;" date="2025-05-18T18:33:46.524" /><!-- duration: 16ms -->
          <step title="Copying file: &apos;webapp_logs\deployments\latest.json&apos;" date="2025-05-18T18:33:46.540" /><!-- duration: 0ms -->
          <step title="Copying file: &apos;webapp_logs\deployments\pending&apos;" date="2025-05-18T18:33:46.556" /><!-- duration: 0ms -->
          <step title="Copying file: &apos;webapp_logs\deployments\0cdff48ecc2245ab8f1e58afb38875e9\log.log&apos;" date="2025-05-18T18:33:46.556" /><!-- duration: 16ms -->
          <step title="Copying file: &apos;webapp_logs\deployments\0cdff48ecc2245ab8f1e58afb38875e9\manifest&apos;" date="2025-05-18T18:33:46.571" /><!-- duration: 0ms -->
          <step title="Copying file: &apos;webapp_logs\deployments\0cdff48ecc2245ab8f1e58afb38875e9\status.xml&apos;" date="2025-05-18T18:33:46.587" /><!-- duration: 16ms -->
          <step title="Copying file: &apos;webapp_logs\deployments\0cdff48ecc2245ab8f1e58afb38875e9\status_complete.xml&apos;" date="2025-05-18T18:33:46.602" /><!-- duration: 0ms -->
          <step title="Copying file: &apos;webapp_logs\deployments\4a50d132ecdd4e25add57ed15564ca64\log.log&apos;" date="2025-05-18T18:33:46.618" /><!-- duration: 0ms -->
          <step title="Copying file: &apos;webapp_logs\deployments\4a50d132ecdd4e25add57ed15564ca64\manifest&apos;" date="2025-05-18T18:33:46.618" /><!-- duration: 16ms -->
          <step title="Copying file: &apos;webapp_logs\deployments\4a50d132ecdd4e25add57ed15564ca64\status.xml&apos;" date="2025-05-18T18:33:46.634" /><!-- duration: 0ms -->
          <step title="Copying file: &apos;webapp_logs\deployments\4a50d132ecdd4e25add57ed15564ca64\status_complete.xml&apos;" date="2025-05-18T18:33:46.649" /><!-- duration: 0ms -->
          <step title="Copying file: &apos;webapp_logs\deployments\5a7a18256d1342b18b8a110151d8dd15\log.log&apos;" date="2025-05-18T18:33:46.649" /><!-- duration: 0ms -->
          <step title="Copying file: &apos;webapp_logs\deployments\5a7a18256d1342b18b8a110151d8dd15\manifest&apos;" date="2025-05-18T18:33:46.665" /><!-- duration: 0ms -->
          <step title="Copying file: &apos;webapp_logs\deployments\5a7a18256d1342b18b8a110151d8dd15\status.xml&apos;" date="2025-05-18T18:33:46.665" /><!-- duration: 16ms -->
          <step title="Copying file: &apos;webapp_logs\deployments\5a7a18256d1342b18b8a110151d8dd15\status_complete.xml&apos;" date="2025-05-18T18:33:46.696" /><!-- duration: 0ms -->
          <step title="Copying file: &apos;webapp_logs\deployments\tools\deploymentCacheKey&apos;" date="2025-05-18T18:33:46.696" /><!-- duration: 16ms -->
          <step title="Omitting next output lines..." date="2025-05-18T18:33:46.712" /><!-- duration: 0ms -->
          <step title="Finished successfully." date="2025-05-18T18:33:46.727" /><!-- duration: 0ms -->
        </step><!-- duration: 1313ms -->
        <step title="Running post deployment command(s)..." date="2025-05-18T18:33:46.759" /><!-- duration: 17ms -->
        <step title="Triggering recycle (preview mode disabled)." date="2025-05-18T18:33:46.806" /><!-- duration: 0ms -->
        <step title="Ignoring FS watcher based recycle request as this is a classic Windows app." date="2025-05-18T18:33:46.822" /><!-- duration: 0ms -->
        <step title="Deployment successful. DEPLOYMENTINFO: deploymentPath = ZipDeploy. Extract zip. , deployer = ZipDeploy, os = windows, sku = Free, siteName = app-6tmscfbxdh25q-centralus, siteHostName = app-6tmscfbxdh25q-centralus.azurewebsites.net, deploymentStatus = Success" date="2025-05-18T18:33:46.853" /><!-- duration: 0ms -->
      </step><!-- duration: 1876ms -->
    </step><!-- duration: 2063ms -->
    <step title="Cleaning up temp files" date="2025-05-18T18:33:46.963" /><!-- duration: 16ms -->
    <step title="Skip function trigger and logicapp sync because function is not enabled." date="2025-05-18T18:33:46.978" /><!-- duration: 0ms -->
  </step><!-- duration: 2720ms -->
  <step title="LockFile &apos;C:\home\site\locks\deployments.lock&apos; released" date="2025-05-18T18:33:47.025" /><!-- duration: 0ms -->
  <step title="Deleting shutdown sentinel file" date="2025-05-18T18:33:47.025" SemaphoreCount="8" /><!-- duration: 16ms -->
</step><!-- duration: 2813ms -->
