<step title="Incoming Request" date="2025-05-18T18:43:57.626" instance="c01540" url="/api/zipdeploy?isAsync=true" method="POST" type="request" pid="18568,2,42" Content-Length="15135907" Content-Type="application/octet-stream" Accept="application/json" Accept-Encoding="gzip" Authorization="Bea..." Host="app-6tmscfbxdh25q-centralus.scm.azurewebsites.net" User-Agent="azsdk-go-zip-deploy/1.0.0 (go1.24.0 X:loopvar; Windows_NT),azdev/1.16.1 (Go go1.24.0 X:loopvar; windows/amd64)" X-Ms-Correlation-Request-Id="054e38256888c77d84afe557d96c1cd1" X-ARR-LOG-ID="054e3825-6888-c77d-84af-e557d96c1cd1" CLIENT-IP="146.196.37.226:62638" X-SITE-DEPLOYMENT-ID="app-6tmscfbxdh25q-centralus" WAS-DEFAULT-HOSTNAME="app-6tmscfbxdh25q-centralus.scm.azurewebsites.net" X-Forwarded-Proto="https" X-AppService-Proto="https" X-Forwarded-TlsVersion="1.3" X-WAWS-Unencoded-URL="/api/zipdeploy?isAsync=true" >
  <step title="Cleanup Xml Logs" date="2025-05-18T18:43:57.626" /><!-- duration: 16ms -->
  <step title="ZipPushDeploy" date="2025-05-18T18:43:57.641" >
    <step title="ZipDeploy. Extract zip. " date="2025-05-18T18:43:57.641" /><!-- duration: 16ms -->
    <step title="Starting PushDeployAsync" date="2025-05-18T18:43:57.657" /><!-- duration: 0ms -->
    <step title="Updating shutdown sentinel last write time" date="2025-05-18T18:43:57.673" SemaphoreCount="7" /><!-- duration: 0ms -->
    <step title="LockFile &apos;C:\home\site\locks\deployments.lock&apos; acquired" date="2025-05-18T18:43:57.688" /><!-- duration: 0ms -->
    <step title="Saving request content to C:\local\Temp\zipdeploy\qhts42a0.zip" date="2025-05-18T18:43:57.688" >
      <step title="Total 15,135,907 bytes written to C:\local\Temp\zipdeploy\qhts42a0.zip" date="2025-05-18T18:43:58.704" /><!-- duration: 0ms -->
    </step><!-- duration: 1016ms -->
    <step title="LockFile &apos;C:\home\site\locks\deployments.lock&apos; released" date="2025-05-18T18:43:58.704" /><!-- duration: 16ms -->
    <step title="Deleting shutdown sentinel file" date="2025-05-18T18:43:58.720" SemaphoreCount="8" /><!-- duration: 0ms -->
    <step title="Starting FetchDeploy" date="2025-05-18T18:43:58.736" /><!-- duration: 0ms -->
    <step title="Start deployment in the background" date="2025-05-18T18:43:58.736" /><!-- duration: 63ms -->
  </step><!-- duration: 1157ms -->
  <step title="Outgoing response" date="2025-05-18T18:43:58.798" type="response" statusCode="202" statusText="Accepted" Server="Microsoft-IIS/10.0" x-ms-request-id="054e3825-6888-c77d-84af-e557d96c1cd1" Retry-After="30" Cache-Control="private" X-AspNet-Version="4.0.30319" Location="https://app-6tmscfbxdh25q-centralus.scm.azurewebsites.net/api/deployments/latest?deployer=ZipDeploy&amp;time=2025-05-18_18-43-58Z" /><!-- duration: 16ms -->
</step><!-- duration: 1188ms -->
